Artist,Total Credits,Track-Days,Unique Songs,Share (%)
Taylor Swi,2093,2093,86,5.907756576718979
Sabrina Carpenter,965,965,14,2.7238342553912163
Billie Eilish,888,888,13,2.5064920401941966
Olivia Rodrigo,694,694,18,1.9589025629445638
Chappell Roan,634,634,5,1.789544992661172
Benson Boone,538,538,2,1.5185728802077452
Central Cee,534,534,12,1.5072823755221858
Drake,518,518,37,1.4621203567799481
The Killers,512,512,1,1.4451845997516088
Dua Lipa,486,486,6,1.3717963192954725
Status,482,482,5,1.3605058146099132
Chase,482,482,5,1.3605058146099132
Noah Kahan,459,459,6,1.2955854126679462
RAYE,443,443,3,1.2504233939257086
Teddy Swims,434,434,3,1.2250197583831997
Arctic Monkeys,432,432,8,1.21937450604042
The Weeknd,421,421,11,1.1883256181551316
D-Block Europe,410,410,3,1.157276730269843
Tate McRae,407,407,4,1.1488088517556734
Dave,398,398,6,1.1234052162131647
